City_ID,City,Country,Date,Lat,Lng,Max Temp,Humidity,Cloudiness,Wind Speed,Description
0,Arraial Do Cabo,BR,2022-07-20 21:33:27,-22.9661,-42.0278,71.56,88,75,9.22,broken clouds
1,Kapaa,US,2022-07-20 21:32:15,22.0752,-159.319,82.72,72,20,17.27,few clouds
2,Acapulco,MX,2022-07-20 21:32:28,16.8634,-99.8901,87.62,74,75,4.61,broken clouds
3,Bredasdorp,ZA,2022-07-20 21:30:53,-34.5322,20.0403,45.43,87,1,4.99,clear sky
4,Lebu,CL,2022-07-20 21:34:53,-37.6167,-73.65,52.83,96,100,10.07,overcast clouds
5,Luderitz,NA,2022-07-20 21:34:54,-26.6481,15.1594,56.61,61,3,16.51,clear sky
6,Lompoc,US,2022-07-20 21:33:50,34.6391,-120.4579,96.01,63,0,16.11,clear sky
7,Punta Arenas,CL,2022-07-20 21:30:47,-53.15,-70.9167,35.62,80,75,23.02,broken clouds
8,Bluff,NZ,2022-07-20 21:33:26,-46.6,168.3333,39.79,72,100,6.96,overcast clouds
9,Parli,IN,2022-07-20 21:34:54,18.8486,76.5297,76.39,82,100,10.45,overcast clouds
10,Pevek,RU,2022-07-20 21:34:32,69.7008,170.3133,31.62,88,99,15.46,overcast clouds
11,Ushuaia,AR,2022-07-20 21:30:57,-54.8,-68.3,31.66,86,100,24.16,light snow
12,Constitucion,CL,2022-07-20 21:28:34,-35.3333,-72.4167,55.6,85,6,11.1,clear sky
13,Jamestown,US,2022-07-20 21:30:55,42.097,-79.2353,89.19,52,75,18.41,broken clouds
14,Abeche,TD,2022-07-20 21:34:55,13.8292,20.8324,74.08,74,100,15.19,light rain
15,Talnakh,RU,2022-07-20 21:34:55,69.4865,88.3972,52.21,74,100,5.23,overcast clouds
16,Nikolskoye,RU,2022-07-20 21:28:30,59.7035,30.7861,67.87,65,100,9.51,overcast clouds
17,Port Alfred,ZA,2022-07-20 21:34:31,-33.5906,26.891,56.17,97,100,1.99,overcast clouds
18,Cidreira,BR,2022-07-20 21:34:41,-30.1811,-50.2056,61.97,91,0,16.2,clear sky
19,Anqing,CN,2022-07-20 21:34:56,30.5092,117.0506,78.33,96,100,3.89,overcast clouds
20,Hamza,UZ,2022-07-20 21:34:56,40.4264,71.4956,80.55,17,0,1.86,clear sky
21,Te Anau,NZ,2022-07-20 21:34:57,-45.4167,167.7167,39.88,91,97,2.98,overcast clouds
22,Bengkulu,ID,2022-07-20 21:34:57,-3.8004,102.2655,75.58,91,64,3.65,broken clouds
23,Tautira,PF,2022-07-20 21:34:57,-17.7333,-149.15,76.42,72,0,9.93,clear sky
24,Faanui,PF,2022-07-20 21:33:48,-16.4833,-151.75,77.99,65,0,9.55,clear sky
25,Hobart,AU,2022-07-20 21:31:11,-42.8794,147.3294,35.26,94,0,5.75,clear sky
26,Fortuna,US,2022-07-20 21:30:55,40.5982,-124.1573,67.86,69,36,7.25,scattered clouds
27,Butaritari,KI,2022-07-20 21:33:26,3.0707,172.7902,81.28,78,70,7.76,light rain
28,Bandarbeyla,SO,2022-07-20 21:34:58,9.4942,50.8122,74.05,86,61,27.16,broken clouds
29,Arman,RU,2022-07-20 21:34:59,59.7,150.1667,62.56,76,13,2.57,few clouds
30,Tiksi,RU,2022-07-20 21:34:59,71.6872,128.8694,39.09,88,86,19.84,overcast clouds
31,Saskylakh,RU,2022-07-20 21:32:07,71.9167,114.0833,42.01,76,67,14.54,broken clouds
32,Port Macquarie,AU,2022-07-20 21:31:34,-31.4333,152.9167,53.49,100,75,2.3,broken clouds
33,Douentza,ML,2022-07-20 21:35:00,14.9951,-2.9517,86.11,56,100,12.97,overcast clouds
34,Cap Malheureux,MU,2022-07-20 21:35:00,-19.9842,57.6142,65.46,74,92,5.99,overcast clouds
35,Deputatskiy,RU,2022-07-20 21:35:00,69.3,139.9,38.93,87,90,5.77,overcast clouds
36,Katobu,ID,2022-07-20 21:31:05,-4.9408,122.5276,73.8,96,15,4.25,few clouds
37,Ketchikan,US,2022-07-20 21:32:06,55.3422,-131.6461,61.27,63,75,11.5,broken clouds
38,Olavarria,AR,2022-07-20 21:30:06,-36.8927,-60.3225,61.02,51,68,7.11,broken clouds
39,Yulara,AU,2022-07-20 21:35:01,-25.2406,130.9889,44.22,53,18,10.25,few clouds
40,Hobyo,SO,2022-07-20 21:35:01,5.3505,48.5268,75.29,80,31,25.41,scattered clouds
41,Busselton,AU,2022-07-20 21:32:13,-33.65,115.3333,55.81,94,100,10.02,light rain
42,Isangel,VU,2022-07-20 21:34:10,-19.55,169.2667,80.71,89,40,4.61,scattered clouds
43,Nome,US,2022-07-20 21:33:17,64.5011,-165.4064,46.47,93,100,16.11,moderate rain
44,Priiskovyy,RU,2022-07-20 21:35:02,51.9333,116.6333,63.79,92,74,3.85,broken clouds
45,Severo-Kurilsk,RU,2022-07-20 21:30:54,50.6789,156.125,52.34,97,98,11.34,light rain
46,Fallon,US,2022-07-20 21:33:05,39.4735,-118.7774,96.46,16,40,6.91,scattered clouds
47,Hithadhoo,MV,2022-07-20 21:30:56,-0.6,73.0833,80.94,69,100,2.84,overcast clouds
48,Tuktoyaktuk,CA,2022-07-20 21:30:44,69.4541,-133.0374,53.6,82,100,11.5,overcast clouds
49,Kalamare,BW,2022-07-20 21:36:03,-22.9337,26.5703,55.72,71,74,6.17,broken clouds
50,Qaanaaq,GL,2022-07-20 21:30:48,77.484,-69.3632,41.14,80,100,2.95,overcast clouds
51,Cape Town,ZA,2022-07-20 21:34:44,-33.9258,18.4232,52.12,79,0,2.3,clear sky
52,Beira,MZ,2022-07-20 21:36:04,-19.8436,34.8389,68.09,94,0,5.75,clear sky
53,Gold Coast,AU,2022-07-20 21:36:04,-28.0,153.4333,60.01,88,100,13.8,overcast clouds
54,Ambilobe,MG,2022-07-20 21:36:05,-13.2,49.05,70.23,64,18,9.48,few clouds
55,Cabo San Lucas,MX,2022-07-20 21:34:04,22.8909,-109.9124,97.61,49,0,17.27,clear sky
56,Klerksdorp,ZA,2022-07-20 21:36:05,-26.8521,26.6667,55.62,59,74,6.6,broken clouds
57,Mataura,NZ,2022-07-20 21:32:04,-46.1927,168.8643,39.47,88,100,2.84,overcast clouds
58,Asau,RO,2022-07-20 21:32:06,46.4333,26.4,70.72,61,19,5.55,few clouds
59,Bud,US,2022-07-20 21:36:06,39.447,-86.1758,93.18,59,3,14.9,clear sky
60,Sao Filipe,CV,2022-07-20 21:33:30,14.8961,-24.4956,76.51,88,75,5.82,broken clouds
61,Mahebourg,MU,2022-07-20 21:36:06,-20.4081,57.7,68.29,83,75,24.16,light intensity shower rain
62,Dutse,NG,2022-07-20 21:36:07,11.7594,9.3392,73.27,78,100,1.63,overcast clouds
63,Rikitea,PF,2022-07-20 21:30:56,-23.1203,-134.9692,73.35,75,0,3.98,clear sky
64,San Patricio,US,2022-07-20 21:36:07,28.017,-97.5169,98.19,50,19,20.96,few clouds
65,Kununurra,AU,2022-07-20 21:36:08,-15.7667,128.7333,55.38,88,83,0.0,broken clouds
66,Hilo,US,2022-07-20 21:32:11,19.7297,-155.09,85.28,90,100,5.75,light rain
67,New Norfolk,AU,2022-07-20 21:30:45,-42.7826,147.0587,34.92,89,4,2.39,clear sky
68,Lensk,RU,2022-07-20 21:36:08,60.7253,114.9278,60.44,97,100,0.81,overcast clouds
69,Mehamn,NO,2022-07-20 21:36:09,71.0357,27.8492,51.75,100,0,2.3,clear sky
70,Kaitangata,NZ,2022-07-20 21:34:38,-46.2817,169.8464,41.94,81,100,7.14,overcast clouds
71,Pacific Grove,US,2022-07-20 21:33:22,36.6177,-121.9166,80.24,80,20,11.5,few clouds
72,Albany,US,2022-07-20 21:34:39,42.6001,-73.9662,95.65,47,47,1.99,scattered clouds
73,Yar-Sale,RU,2022-07-20 21:33:34,66.8333,70.8333,48.11,76,7,9.53,clear sky
74,Saint George,US,2022-07-20 21:30:20,37.1041,-113.5841,109.8,15,0,11.5,clear sky
75,Carroll,US,2022-07-20 21:31:17,39.5501,-77.0164,92.01,53,0,5.01,clear sky
76,Anshun,CN,2022-07-20 21:36:10,26.25,105.9333,65.17,99,99,5.41,overcast clouds
77,Codrington,AU,2022-07-20 21:30:46,-38.2667,141.9667,38.19,80,0,7.81,clear sky
78,Neiafu,TO,2022-07-20 21:36:10,-18.65,-173.9833,79.48,73,40,9.22,scattered clouds
79,Warrnambool,AU,2022-07-20 21:36:11,-38.3833,142.4833,40.8,79,0,8.9,clear sky
80,Atambua,ID,2022-07-20 21:36:11,-9.1061,124.8925,69.73,90,100,4.7,overcast clouds
81,Leh,IN,2022-07-20 21:36:11,34.1667,77.5833,62.53,20,100,9.48,overcast clouds
82,Klaksvik,FO,2022-07-20 21:36:12,62.2266,-6.589,49.12,91,98,18.7,overcast clouds
83,Mount Isa,AU,2022-07-20 21:36:12,-20.7333,139.5,49.77,46,0,0.0,clear sky
84,Atuona,PF,2022-07-20 21:30:49,-9.8,-139.0333,77.74,74,8,15.12,clear sky
85,Nsukka,NG,2022-07-20 21:36:12,6.8561,7.3927,68.72,94,100,5.57,overcast clouds
86,Tuatapere,NZ,2022-07-20 21:36:13,-46.1333,167.6833,43.47,84,100,2.86,overcast clouds
87,Petropavlovsk-Kamchatskiy,RU,2022-07-20 21:36:13,53.0452,158.6483,52.39,100,100,2.24,overcast clouds
88,Saint-Augustin,CA,2022-07-20 21:36:14,51.226,-58.6502,56.91,87,100,14.16,overcast clouds
89,Tessalit,ML,2022-07-20 21:37:14,20.1986,1.0114,75.7,70,99,12.57,overcast clouds
90,Chokurdakh,RU,2022-07-20 21:33:24,70.6333,147.9167,45.36,67,89,8.75,overcast clouds
91,Lashio,MM,2022-07-20 21:37:15,22.9333,97.75,69.04,100,99,1.28,overcast clouds
92,Vinh,VN,2022-07-20 21:37:15,18.6667,105.6667,77.47,90,78,0.47,broken clouds
93,Yellowknife,CA,2022-07-20 21:30:23,62.456,-114.3525,68.52,49,75,10.36,broken clouds
94,Necochea,AR,2022-07-20 21:32:38,-38.5473,-58.7368,57.69,57,28,16.06,scattered clouds
95,Amboasary,MG,2022-07-20 21:37:16,-25.0333,46.3833,64.2,79,0,3.33,clear sky
96,Mashhad,IR,2022-07-20 21:37:16,36.297,59.6062,78.94,36,0,6.91,clear sky
97,Cockburn Town,TC,2022-07-20 21:37:17,21.4612,-71.1419,82.22,78,1,20.07,clear sky
98,Norman Wells,CA,2022-07-20 21:37:17,65.282,-126.8329,75.24,31,75,6.91,broken clouds
99,Chara,RU,2022-07-20 21:37:17,56.9064,118.2631,62.83,90,100,1.36,overcast clouds
100,Ankang,CN,2022-07-20 21:37:06,32.68,109.0172,70.47,86,0,0.69,clear sky
101,Hofn,IS,2022-07-20 21:37:18,64.2539,-15.2082,52.54,74,100,5.28,overcast clouds
102,Sao Joao Do Piaui,BR,2022-07-20 21:37:18,-8.3581,-42.2467,81.03,44,15,9.82,few clouds
103,Channel-Port Aux Basques,CA,2022-07-20 21:33:09,47.5702,-59.1367,59.68,95,100,25.84,overcast clouds
104,Luwuk,ID,2022-07-20 21:37:19,-0.9516,122.7875,75.7,85,38,3.0,scattered clouds
105,Provideniya,RU,2022-07-20 21:34:34,64.3833,-173.3,46.51,76,75,20.13,broken clouds
106,Kutum,SD,2022-07-20 21:33:21,14.2,24.6667,75.13,61,87,6.29,light rain
107,Georgetown,MY,2022-07-20 21:27:09,5.4112,100.3354,80.89,90,20,1.14,few clouds
108,Carnarvon,AU,2022-07-20 21:26:06,-24.8667,113.6333,70.59,79,23,14.63,few clouds
109,Sesheke,ZM,2022-07-20 21:37:20,-17.4759,24.2968,58.68,74,42,4.7,scattered clouds
110,Vaini,TO,2022-07-20 21:30:57,-21.2,-175.2,77.16,83,40,9.22,scattered clouds
111,Saint-Philippe,RE,2022-07-20 21:30:52,-21.3585,55.7679,65.79,78,45,13.69,scattered clouds
112,Boundiali,CI,2022-07-20 21:37:20,9.5217,-6.4869,69.87,98,100,4.81,light rain
113,Westport,US,2022-07-20 21:37:12,41.1415,-73.3579,97.63,45,0,10.36,clear sky
114,Praia,CV,2022-07-20 21:37:21,14.9215,-23.5087,79.34,78,75,8.05,broken clouds
115,Ribeira Grande,PT,2022-07-20 21:37:21,38.5167,-28.7,73.8,83,20,6.91,few clouds
116,Sao Joao Da Barra,BR,2022-07-20 21:37:22,-21.6403,-41.0511,73.49,90,8,9.95,clear sky
117,Kaliua,TZ,2022-07-20 21:37:22,-5.0606,31.7936,66.83,44,16,5.41,few clouds
118,Montepuez,MZ,2022-07-20 21:37:22,-13.1256,38.9997,58.98,96,0,4.94,clear sky
119,Avarua,CK,2022-07-20 21:30:46,-21.2078,-159.775,75.25,64,40,18.41,scattered clouds
120,Jaru,BR,2022-07-20 21:37:23,-10.4389,-62.4664,81.91,34,0,3.78,clear sky
121,Camacha,PT,2022-07-20 21:37:23,33.0833,-16.3333,69.22,73,75,10.36,broken clouds
122,Port Moresby,PG,2022-07-20 21:37:24,-9.4431,147.1797,76.3,87,97,2.39,overcast clouds
123,High Level,CA,2022-07-20 21:34:35,58.5169,-117.136,71.71,53,40,6.91,scattered clouds
124,Derzhavinsk,KZ,2022-07-20 21:30:49,51.1,66.3167,68.81,63,71,6.73,broken clouds
125,Kodiak,US,2022-07-20 21:32:10,57.79,-152.4072,54.91,82,0,8.05,clear sky
126,Bambous Virieux,MU,2022-07-20 21:34:30,-20.3428,57.7575,68.25,83,75,24.16,light intensity shower rain
127,Itapuranga,BR,2022-07-20 21:37:25,-15.5622,-49.9486,73.13,29,0,1.48,clear sky
128,Castro,BR,2022-07-20 21:33:19,-24.7911,-50.0119,59.2,89,1,4.68,clear sky
129,Bethel,US,2022-07-20 21:29:18,41.3712,-73.414,97.56,52,0,0.0,clear sky
130,Daru,PG,2022-07-20 21:37:25,-9.0763,143.2092,76.73,91,96,10.89,overcast clouds
131,Sao Jose Da Tapera,BR,2022-07-20 21:37:26,-9.5583,-37.3811,69.12,96,95,6.62,overcast clouds
132,Clyde River,CA,2022-07-20 21:30:58,70.4692,-68.5914,39.43,93,100,8.05,light rain
133,Sarangani,PH,2022-07-20 21:37:26,5.4033,125.4636,82.69,70,62,1.1,broken clouds
134,Pfarrkirchen,DE,2022-07-20 21:37:27,48.432,12.9381,75.69,68,100,16.62,overcast clouds
135,Tasiilaq,GL,2022-07-20 21:30:48,65.6145,-37.6368,42.96,81,66,1.19,broken clouds
136,Malinovoye Ozero,RU,2022-07-20 21:38:27,51.6753,79.7825,72.01,38,100,13.31,overcast clouds
137,Sisimiut,GL,2022-07-20 21:38:28,66.9395,-53.6735,44.67,92,100,2.04,light rain
138,Hermanus,ZA,2022-07-20 21:30:50,-34.4187,19.2345,51.57,68,1,3.44,clear sky
139,Niamey,NE,2022-07-20 21:38:28,13.5137,2.1098,84.49,61,0,3.44,clear sky
140,Onda,ES,2022-07-20 21:38:29,39.9667,-0.25,79.9,77,0,2.53,clear sky
141,Merzifon,TR,2022-07-20 21:38:29,40.8733,35.4631,51.26,76,0,4.61,clear sky
142,Beringovskiy,RU,2022-07-20 21:30:45,63.05,179.3167,43.59,73,99,17.16,overcast clouds
143,Leningradskiy,RU,2022-07-20 21:32:55,69.3833,178.4167,33.46,99,100,19.69,snow
144,Salgueiro,BR,2022-07-20 21:38:30,-8.0742,-39.1192,70.02,80,62,11.56,broken clouds
145,Muros,ES,2022-07-20 21:32:06,42.7762,-9.0603,68.09,79,5,11.97,clear sky
146,Aleksandrovsk-Sakhalinskiy,RU,2022-07-20 21:38:30,50.8975,142.1561,59.45,86,90,8.9,overcast clouds
147,Aykhal,RU,2022-07-20 21:38:31,66.0,111.5,52.66,63,100,3.8,overcast clouds
148,Sakakah,SA,2022-07-20 21:38:31,29.9697,40.2064,99.97,12,56,9.75,broken clouds
149,Kushmurun,KZ,2022-07-20 21:38:32,52.4503,64.6311,63.97,78,20,6.08,few clouds
150,Kirensk,RU,2022-07-20 21:38:32,57.7853,108.1119,56.79,91,65,2.91,broken clouds
151,Ponta Do Sol,PT,2022-07-20 21:38:32,32.6667,-17.1,73.71,81,5,7.23,clear sky
152,Vila Velha,BR,2022-07-20 21:38:33,-20.3297,-40.2925,73.35,82,0,9.22,clear sky
153,Mar Del Plata,AR,2022-07-20 21:32:01,-38.0023,-57.5575,60.94,53,40,3.0,scattered clouds
154,Thompson,CA,2022-07-20 21:33:20,55.7435,-97.8558,66.36,72,75,5.75,broken clouds
155,Evensk,RU,2022-07-20 21:38:33,61.95,159.2333,63.91,50,14,4.74,few clouds
156,Bonthe,SL,2022-07-20 21:38:34,7.5264,-12.505,75.22,87,100,10.47,overcast clouds
157,Sorland,NO,2022-07-20 21:38:34,67.667,12.6934,53.46,85,99,17.67,overcast clouds
158,Ziri,SI,2022-07-20 21:38:34,46.0422,14.1072,71.94,67,58,1.81,broken clouds
159,Khatanga,RU,2022-07-20 21:35:05,71.9667,102.5,45.61,68,100,20.24,overcast clouds
160,Ust-Omchug,RU,2022-07-20 21:38:35,61.15,149.6333,67.14,71,94,5.48,overcast clouds
161,Geraldton,AU,2022-07-20 21:38:35,-28.7667,114.6,66.61,94,100,19.57,overcast clouds
162,Prado,BR,2022-07-20 21:38:35,-17.3411,-39.2208,70.79,82,9,7.96,clear sky
163,Vao,NC,2022-07-20 21:33:28,-22.6667,167.4833,73.89,88,98,10.2,overcast clouds
164,Iqaluit,CA,2022-07-20 21:33:23,63.7506,-68.5145,47.93,87,75,3.44,broken clouds
165,Sechura,PE,2022-07-20 21:33:22,-5.5569,-80.8222,72.63,58,27,17.18,scattered clouds
166,Barrow,US,2022-07-20 21:35:31,71.2906,-156.7887,51.82,62,100,6.91,overcast clouds
167,Skovorodino,RU,2022-07-20 21:38:36,53.9833,123.9167,64.89,96,84,4.88,light rain
168,Mersing,MY,2022-07-20 21:38:36,2.4312,103.8405,75.11,100,20,4.61,few clouds
169,Balkanabat,TM,2022-07-20 21:36:46,39.5108,54.3671,85.46,48,0,6.38,clear sky
170,Saint Anthony,US,2022-07-20 21:38:37,45.0205,-93.218,88.93,35,0,21.85,clear sky
171,Tornio,FI,2022-07-20 21:34:36,65.8481,24.1466,53.62,84,73,3.53,broken clouds
172,Neustadt,DE,2022-07-20 21:38:38,49.7117,12.0872,74.7,82,100,13.96,overcast clouds
173,Victoria,HK,2022-07-20 21:29:42,22.2855,114.1577,86.38,85,21,8.99,few clouds
174,Venezuela,VE,2022-07-20 21:38:38,8.0,-66.0,83.82,61,43,2.53,scattered clouds
175,Esperance,AU,2022-07-20 21:33:29,-33.8667,121.9,62.51,52,100,21.27,light rain
176,Hailey,US,2022-07-20 21:38:39,43.5196,-114.3153,94.87,18,40,11.99,scattered clouds
177,Oranjemund,NA,2022-07-20 21:38:39,-28.55,16.4333,52.83,81,47,16.8,scattered clouds
178,Neryungri,RU,2022-07-20 21:38:39,56.6709,124.6491,62.44,90,39,3.89,scattered clouds
179,Loa Janan,ID,2022-07-20 21:39:40,-0.583,117.095,72.57,99,18,0.96,few clouds
180,Qurayyat,SA,2022-07-20 21:39:40,31.3318,37.3428,80.78,36,0,13.8,clear sky
181,Chuy,UY,2022-07-20 21:33:20,-33.6971,-53.4616,55.89,95,2,6.49,clear sky
182,Panzhihua,CN,2022-07-20 21:39:41,26.5851,101.7128,68.31,97,100,0.78,overcast clouds
183,Vostok,RU,2022-07-20 21:39:41,46.4856,135.8833,63.84,94,14,1.36,few clouds
184,Guangyuan,CN,2022-07-20 21:39:41,32.442,105.823,69.58,95,12,1.54,few clouds
185,Cherskiy,RU,2022-07-20 21:39:42,68.75,161.3,44.01,54,15,13.56,few clouds
186,Guerrero Negro,MX,2022-07-20 21:32:12,27.9769,-114.0611,83.34,44,14,15.99,few clouds
187,Bagdarin,RU,2022-07-20 21:39:42,54.4333,113.6,59.22,88,33,3.02,scattered clouds
188,Guozhen,CN,2022-07-20 21:39:43,34.3659,107.359,68.04,87,1,1.99,clear sky
189,Saint-Honore,CA,2022-07-20 21:39:43,48.5334,-71.0824,78.12,42,74,3.44,broken clouds
190,Berlevag,NO,2022-07-20 21:33:24,70.8578,29.0864,55.2,100,75,4.61,broken clouds
191,Mount Gambier,AU,2022-07-20 21:32:12,-37.8333,140.7667,39.22,82,3,5.53,clear sky
192,Dikson,RU,2022-07-20 21:28:32,73.5069,80.5464,41.59,73,11,24.58,few clouds
193,Saldanha,ZA,2022-07-20 21:33:23,-33.0117,17.9442,39.25,64,0,10.89,clear sky
194,Makakilo City,US,2022-07-20 21:39:44,21.3469,-158.0858,82.72,54,75,18.41,broken clouds
195,Springbok,ZA,2022-07-20 21:39:44,-29.6643,17.8865,44.44,55,1,5.44,clear sky
196,Arys,KZ,2022-07-20 21:39:44,42.4252,68.795,84.52,18,0,13.42,clear sky
197,Zanjan,IR,2022-07-20 21:39:45,36.6736,48.4787,70.05,51,0,5.97,clear sky
198,Muyezerskiy,RU,2022-07-20 21:39:45,63.9333,31.65,58.84,95,100,5.59,overcast clouds
199,Puerto Ayora,EC,2022-07-20 21:34:32,-0.7393,-90.3518,78.76,100,94,8.01,overcast clouds
200,Golpayegan,IR,2022-07-20 21:39:46,33.4537,50.2884,76.37,15,0,4.94,clear sky
201,Upernavik,GL,2022-07-20 21:33:26,72.7868,-56.1549,48.33,69,87,7.54,overcast clouds
202,Yeppoon,AU,2022-07-20 21:39:46,-23.1333,150.7333,58.78,93,100,22.48,light rain
203,Guantanamo,CU,2022-07-20 21:39:47,20.1444,-75.2092,87.37,64,100,8.08,overcast clouds
204,Tunduma,TZ,2022-07-20 21:39:47,-9.3,32.7667,52.72,88,70,8.25,broken clouds
205,Ketrzyn,PL,2022-07-20 21:39:47,54.0768,21.3753,60.76,82,8,2.68,clear sky
206,Shahdadkot,PK,2022-07-20 21:39:48,27.8477,67.9055,93.52,58,97,8.88,overcast clouds
207,Touros,BR,2022-07-20 21:39:48,-5.1989,-35.4608,75.13,84,82,11.16,broken clouds
208,Caravelas,BR,2022-07-20 21:29:50,-17.7125,-39.2481,71.44,77,2,6.64,clear sky
209,Russell,US,2022-07-20 21:39:49,32.3502,-85.1999,94.96,69,73,3.51,broken clouds
210,East London,ZA,2022-07-20 21:30:54,-33.0153,27.9116,61.72,83,96,4.61,light rain
211,Goma,CD,2022-07-20 21:39:49,-1.6792,29.2228,66.54,62,62,1.32,broken clouds
212,Faya,SA,2022-07-20 21:39:50,18.3851,42.4509,66.72,55,100,8.05,light rain
213,Mapiripan,CO,2022-07-20 21:39:50,2.8892,-72.1256,75.45,92,79,5.97,broken clouds
214,Fuyang,CN,2022-07-20 21:39:50,32.9,115.8167,70.05,94,46,3.91,scattered clouds
215,San Pedro,PH,2022-07-20 21:39:51,14.35,121.0167,81.63,87,100,4.61,moderate rain
216,Bulawayo,ZW,2022-07-20 21:31:59,-20.15,28.5833,56.17,59,73,6.55,broken clouds
217,Duzce,TR,2022-07-20 21:39:51,40.8389,31.1639,60.76,84,0,3.18,clear sky
218,Zhifang,CN,2022-07-20 21:39:52,30.35,114.3167,78.78,96,100,0.67,overcast clouds
219,Seryshevo,RU,2022-07-20 21:39:52,51.0933,128.3786,64.08,76,7,7.45,clear sky
220,Horki,BY,2022-07-20 21:39:52,54.2861,30.9842,60.51,55,94,14.36,overcast clouds
221,Vardo,NO,2022-07-20 21:39:53,70.3705,31.1107,51.78,93,100,0.0,mist
222,Olafsvik,IS,2022-07-20 21:39:53,64.8945,-23.7142,50.74,74,79,9.84,broken clouds
223,Fribourg,CH,2022-07-20 21:39:53,46.8024,7.1513,69.17,83,92,3.65,overcast clouds
224,Turukhansk,RU,2022-07-20 21:39:54,65.8167,87.9833,47.79,95,100,7.61,overcast clouds
225,Klyuchi,RU,2022-07-20 21:39:54,52.2667,79.1667,66.4,63,100,12.24,overcast clouds
226,Waddan,LY,2022-07-20 21:40:54,29.1614,16.139,79.79,47,0,13.4,clear sky
227,Springdale,US,2022-07-20 21:40:27,36.1867,-94.1288,107.47,34,0,12.66,clear sky
228,Khilok,RU,2022-07-20 21:40:55,51.3674,110.4676,52.16,94,44,2.98,scattered clouds
229,Aklavik,CA,2022-07-20 21:40:55,68.2191,-135.0107,64.4,68,75,5.75,broken clouds
230,Urengoy,RU,2022-07-20 21:40:56,65.9667,78.3667,48.97,76,99,7.81,overcast clouds
231,Portland,US,2022-07-20 21:36:23,45.5234,-122.6762,92.95,41,0,6.91,clear sky
232,Kruisfontein,ZA,2022-07-20 21:40:56,-34.0033,24.7314,53.89,91,95,4.54,overcast clouds
233,Iracoubo,GF,2022-07-20 21:40:56,5.4802,-53.2011,78.08,83,5,7.76,clear sky
234,Nola,IT,2022-07-20 21:40:57,40.922,14.5329,82.31,64,0,0.58,clear sky
235,Isla Vista,US,2022-07-20 21:40:57,34.4133,-119.861,97.0,34,13,7.76,few clouds
236,Dwarka,IN,2022-07-20 21:40:57,22.2394,68.9678,81.77,83,92,17.18,overcast clouds
237,Ahuimanu,US,2022-07-20 21:40:58,21.4447,-157.8378,83.91,68,75,18.41,light rain
238,Tura,IN,2022-07-20 21:40:58,25.5198,90.2201,74.23,97,100,5.7,light rain
239,Srednekolymsk,RU,2022-07-20 21:32:10,67.45,153.6833,47.32,69,100,7.7,overcast clouds
240,Keetmanshoop,NA,2022-07-20 21:40:59,-26.5833,18.1333,56.43,41,0,3.4,clear sky
241,Imeni Babushkina,RU,2022-07-20 21:40:59,59.7573,43.1285,53.89,97,100,6.73,overcast clouds
242,Airai,TL,2022-07-20 21:41:00,-8.9266,125.4092,57.11,93,91,3.74,overcast clouds
243,Souillac,MU,2022-07-20 21:40:49,-20.5167,57.5167,68.38,83,75,24.16,light intensity shower rain
244,Kavieng,PG,2022-07-20 21:41:00,-2.5744,150.7967,81.77,79,93,11.65,light rain
245,Kirakira,SB,2022-07-20 21:41:00,-10.4544,161.9205,82.09,75,77,7.4,broken clouds
246,Lorengau,PG,2022-07-20 21:41:01,-2.0226,147.2712,81.1,77,96,3.47,overcast clouds
247,Marawi,PH,2022-07-20 21:32:08,7.9986,124.2928,69.55,94,47,3.24,scattered clouds
248,Coihaique,CL,2022-07-20 21:41:01,-45.5752,-72.0662,32.61,93,75,8.05,light snow
249,Quatre Cocos,MU,2022-07-20 21:41:02,-20.2078,57.7625,68.11,73,96,20.2,light rain
250,Orbetello,IT,2022-07-20 21:41:02,42.4408,11.2196,78.82,34,0,3.44,clear sky
251,Byron Bay,AU,2022-07-20 21:41:02,-28.65,153.6167,55.94,73,100,19.04,light rain
252,Lander,US,2022-07-20 21:36:27,42.833,-108.7307,94.1,9,0,5.75,clear sky
253,Nakusp,CA,2022-07-20 21:41:03,50.2499,-117.8023,88.47,34,7,2.3,clear sky
254,Ulladulla,AU,2022-07-20 21:41:03,-35.35,150.4667,50.9,79,100,6.85,light rain
255,Xuddur,SO,2022-07-20 21:41:04,4.1213,43.8894,73.36,53,98,19.3,overcast clouds
256,Santa,PH,2022-07-20 21:41:04,17.486,120.4348,85.01,70,100,3.74,overcast clouds
257,Birnin Kebbi,NG,2022-07-20 21:41:04,12.4539,4.1975,82.51,61,85,6.29,overcast clouds
258,Lerwick,GB,2022-07-20 21:41:05,60.1545,-1.1494,53.6,88,87,14.07,overcast clouds
259,Magistralnyy,RU,2022-07-20 21:41:05,56.1725,107.4458,53.65,92,58,1.7,broken clouds
260,Budogoshch,RU,2022-07-20 21:41:06,59.2816,32.4707,61.02,95,40,9.48,light rain
261,Mackay,AU,2022-07-20 21:41:06,-21.15,149.2,64.69,92,100,15.86,overcast clouds
262,Cabedelo,BR,2022-07-20 21:41:06,-6.9811,-34.8339,74.07,88,84,10.58,light rain
263,Sembakung,ID,2022-07-20 21:41:07,3.8167,117.25,72.59,99,98,2.24,overcast clouds
264,Havelock,US,2022-07-20 21:41:07,34.8791,-76.9013,84.18,80,40,8.99,scattered clouds
265,Botwood,CA,2022-07-20 21:41:08,49.1499,-55.3482,63.9,96,100,12.5,overcast clouds
266,Port Elizabeth,ZA,2022-07-20 21:33:16,-33.918,25.5701,56.1,95,75,6.91,broken clouds
267,Ust-Nera,RU,2022-07-20 21:36:49,64.5667,143.2,60.35,70,98,9.04,overcast clouds
268,Nanakuli,US,2022-07-20 21:41:08,21.3906,-158.1547,84.15,54,75,12.66,broken clouds
269,Torbay,CA,2022-07-20 21:41:08,47.6666,-52.7314,67.39,78,75,18.41,broken clouds
270,Kalulushi,ZM,2022-07-20 21:41:09,-12.8378,28.0919,65.61,48,94,7.74,overcast clouds
271,Nicolas Bravo,MX,2022-07-20 21:41:09,18.45,-88.9167,89.69,50,94,6.58,overcast clouds
272,Sarti,GR,2022-07-20 21:41:10,40.1,23.9833,76.69,56,0,2.75,clear sky
273,Kungurtug,RU,2022-07-20 21:42:10,50.5994,97.5228,46.33,81,100,0.38,overcast clouds
274,Zhigansk,RU,2022-07-20 21:34:37,66.7697,123.3711,51.96,65,98,15.61,overcast clouds
275,Karratha,AU,2022-07-20 21:33:17,-20.7377,116.8463,65.84,63,4,6.87,clear sky
276,Dillon,US,2022-07-20 21:42:11,34.4166,-79.3712,96.78,80,64,5.39,broken clouds
277,Mayo,US,2022-07-20 21:42:11,38.8876,-76.5119,94.46,64,0,12.66,clear sky
278,Nikolsk,RU,2022-07-20 21:42:11,53.7189,46.0712,57.63,76,100,7.52,overcast clouds
279,Bawku,GH,2022-07-20 21:42:12,11.0616,-0.2417,78.57,66,43,2.68,scattered clouds
280,Roswell,US,2022-07-20 21:42:12,34.0232,-84.3616,91.18,68,40,11.5,scattered clouds
281,Fukue,JP,2022-07-20 21:42:12,32.6881,128.8419,80.87,92,100,18.1,heavy intensity rain
282,Rafai,CF,2022-07-20 21:42:13,4.95,23.9167,67.59,98,47,1.05,scattered clouds
283,Rosa Zarate,EC,2022-07-20 21:42:13,0.3333,-79.4667,81.36,72,89,5.55,overcast clouds
284,San Cristobal,VE,2022-07-20 21:37:28,7.7669,-72.225,78.98,67,50,5.5,scattered clouds
285,Tres Arroyos,AR,2022-07-20 21:42:13,-38.3739,-60.2798,58.48,52,58,16.91,broken clouds
286,Fremont,US,2022-07-20 21:40:20,37.5483,-121.9886,98.38,39,0,10.36,clear sky
287,Eyl,SO,2022-07-20 21:42:14,7.9803,49.8164,74.41,81,34,16.4,scattered clouds
288,Big Bend,SZ,2022-07-20 21:42:14,-26.8167,31.9333,63.0,93,65,3.53,light rain
289,Ierapetra,GR,2022-07-20 21:42:15,35.01,25.7353,76.14,56,0,11.01,clear sky
290,Fairbanks,US,2022-07-20 21:40:02,64.8378,-147.7164,66.31,58,75,8.05,broken clouds
291,Kitimat,CA,2022-07-20 21:42:15,54.0524,-128.6534,71.98,43,81,3.78,broken clouds
292,Henties Bay,NA,2022-07-20 21:42:15,-22.116,14.2845,54.84,87,0,6.44,clear sky
293,Kudahuvadhoo,MV,2022-07-20 21:42:16,2.6708,72.8944,80.33,71,100,16.55,heavy intensity rain
294,Comodoro Rivadavia,AR,2022-07-20 21:42:16,-45.8667,-67.5,44.46,33,0,25.32,clear sky
295,Alofi,NU,2022-07-20 21:42:16,-19.0595,-169.9187,76.89,73,75,9.22,broken clouds
296,Roma,US,2022-07-20 21:41:17,43.2128,-75.4557,94.35,48,0,12.66,clear sky
297,Lobito,AO,2022-07-20 21:42:17,-12.3481,13.5456,67.26,89,42,1.14,scattered clouds
298,Zhanaozen,KZ,2022-07-20 21:42:17,43.3,52.8,84.72,29,45,22.3,scattered clouds
299,Ulaangom,MN,2022-07-20 21:42:17,49.9811,92.0667,55.8,47,5,1.41,clear sky
300,Lermontovka,RU,2022-07-20 21:40:24,47.1453,134.3383,67.5,93,24,1.95,few clouds
301,Lagoa,PT,2022-07-20 21:34:35,39.05,-27.9833,71.82,81,7,4.29,clear sky
302,Micheweni,TZ,2022-07-20 21:42:18,-4.9667,39.8333,73.49,81,20,13.58,light rain
303,Manzil Salim,TN,2022-07-20 21:42:18,35.8567,8.4765,81.66,31,1,3.76,clear sky
304,Toktogul,KG,2022-07-20 21:42:19,41.8708,72.9402,73.31,34,0,2.48,clear sky
305,Padang,ID,2022-07-20 21:42:19,-0.9492,100.3543,75.99,85,65,3.91,light rain
306,Samana,DO,2022-07-20 21:42:19,19.2056,-69.3369,88.02,70,20,9.22,few clouds
307,Shenxian,CN,2022-07-20 21:42:20,36.2411,115.6672,68.49,97,6,4.94,clear sky
308,Komsomolskiy,UZ,2022-07-20 21:42:20,40.4272,71.7189,79.52,34,0,9.22,clear sky
309,Lundazi,ZM,2022-07-20 21:42:21,-12.2929,33.1782,64.02,59,55,11.99,broken clouds
310,Alenquer,BR,2022-07-20 21:42:21,-1.9417,-54.7383,78.94,78,92,3.69,overcast clouds
311,Yatou,CN,2022-07-20 21:42:21,37.15,122.3833,71.28,90,83,5.5,broken clouds
312,San Carlos De Bariloche,AR,2022-07-20 21:42:22,-41.1456,-71.3082,38.95,81,75,17.27,broken clouds
313,Akdepe,TM,2022-07-20 21:42:22,42.0551,59.3788,86.09,21,0,9.53,clear sky
314,Amapa,BR,2022-07-20 21:42:23,1.0,-52.0,73.51,98,63,2.3,moderate rain
315,Taltal,CL,2022-07-20 21:42:23,-25.4,-70.4833,59.41,79,100,1.74,overcast clouds
316,Independence,US,2022-07-20 21:42:23,39.0911,-94.4155,95.11,43,0,11.5,clear sky
317,Osmena,PH,2022-07-20 21:42:24,10.5208,119.9258,81.07,77,80,2.37,broken clouds
318,Itarema,BR,2022-07-20 21:42:24,-2.9248,-39.9167,78.08,75,68,13.8,broken clouds
319,Jumla,NP,2022-07-20 21:43:24,29.2747,82.1838,63.73,97,100,1.45,overcast clouds
320,Tabou,CI,2022-07-20 21:43:25,4.423,-7.3528,75.47,72,100,8.57,overcast clouds
321,Taoudenni,ML,2022-07-20 21:43:26,22.6783,-3.9836,94.84,34,55,17.54,broken clouds
322,Vila,PT,2022-07-20 21:34:34,42.0304,-8.1588,68.7,62,0,5.17,clear sky
323,Ambulu,ID,2022-07-20 21:43:26,-8.345,113.6058,71.04,90,6,3.83,clear sky
324,Bundaberg,AU,2022-07-20 21:41:34,-24.85,152.35,59.22,91,100,5.99,moderate rain
325,Caribou,US,2022-07-20 21:43:27,46.8606,-68.012,81.03,37,0,10.36,clear sky
326,Kahului,US,2022-07-20 21:43:27,20.8947,-156.47,83.97,61,40,21.85,scattered clouds
327,Meulaboh,ID,2022-07-20 21:43:27,4.1363,96.1285,75.24,85,99,4.03,overcast clouds
328,Salalah,OM,2022-07-20 21:43:28,17.0151,54.0924,77.09,94,100,5.75,drizzle
329,Coquimbo,CL,2022-07-20 21:43:28,-29.9533,-71.3436,55.13,82,100,2.3,overcast clouds
330,Gunjur,GM,2022-07-20 21:43:29,13.2019,-16.7339,78.87,83,75,4.61,thunderstorm
331,Sibolga,ID,2022-07-20 21:43:29,1.7427,98.7792,75.15,86,63,3.31,broken clouds
332,Mitsamiouli,KM,2022-07-20 21:43:29,-11.3847,43.2844,75.38,69,0,8.34,clear sky
333,Grindavik,IS,2022-07-20 21:43:30,63.8424,-22.4338,53.55,87,40,16.11,scattered clouds
334,Yumen,CN,2022-07-20 21:43:30,40.2833,97.2,60.19,56,99,18.92,overcast clouds
335,Moses Lake,US,2022-07-20 21:43:31,47.1301,-119.2781,97.88,19,0,8.05,clear sky
336,Ust-Ordynskiy,RU,2022-07-20 21:43:31,52.805,104.7508,53.78,83,57,2.89,broken clouds
337,Jardim,BR,2022-07-20 21:40:59,-21.4803,-56.1381,76.95,28,7,3.65,clear sky
338,Wuwei,CN,2022-07-20 21:43:31,37.9281,102.6414,66.65,51,83,14.67,moderate rain
339,Mangrol,IN,2022-07-20 21:43:32,21.1167,70.1167,80.24,86,82,17.94,broken clouds
340,Duluth,US,2022-07-20 21:40:57,46.7833,-92.1066,86.34,39,0,23.02,clear sky
341,Kontagora,NG,2022-07-20 21:43:33,10.3999,5.4695,74.91,80,98,0.4,light rain
342,Abalak,RU,2022-07-20 21:43:33,58.1286,68.5944,59.49,96,100,2.55,light rain
343,Dongli,CN,2022-07-20 21:43:33,23.5656,116.8194,78.78,94,0,0.0,clear sky
344,Half Moon Bay,US,2022-07-20 21:43:34,37.4636,-122.4286,86.05,67,40,20.71,scattered clouds
345,Sassandra,CI,2022-07-20 21:43:34,4.95,-6.0833,73.53,77,48,5.99,scattered clouds
346,Ketou,BJ,2022-07-20 21:43:34,7.3633,2.5998,71.53,80,96,6.22,overcast clouds
347,Alice Springs,AU,2022-07-20 21:42:26,-23.7,133.8833,31.55,74,0,0.0,clear sky
348,Figeac,FR,2022-07-20 21:43:35,44.75,1.9167,62.76,77,0,1.36,clear sky
349,Turinsk,RU,2022-07-20 21:43:29,58.0458,63.696,59.32,80,92,8.1,overcast clouds
350,Port Lincoln,AU,2022-07-20 21:43:35,-34.7333,135.8667,51.49,80,77,11.81,broken clouds
351,Veraval,IN,2022-07-20 21:43:36,20.9,70.3667,80.17,86,88,17.36,overcast clouds
352,Hovd,MN,2022-07-20 21:43:36,48.0056,91.6419,54.66,56,5,3.87,clear sky
353,Tilichiki,RU,2022-07-20 21:43:36,60.4667,166.1,59.38,44,6,7.38,clear sky
354,Scottsbluff,US,2022-07-20 21:43:37,41.8666,-103.6672,97.92,19,0,6.91,clear sky
355,Kashin,RU,2022-07-20 21:43:37,57.3592,37.6081,56.93,99,100,5.48,overcast clouds
356,Opuwo,NA,2022-07-20 21:43:37,-18.0607,13.84,59.43,33,0,6.04,clear sky
357,Bilibino,RU,2022-07-20 21:43:38,68.0546,166.4372,47.77,59,96,3.44,overcast clouds
358,Malkangiri,IN,2022-07-20 21:43:38,18.35,81.9,76.15,92,100,1.7,overcast clouds
359,Balingasay,PH,2022-07-20 21:43:38,16.3573,119.8564,84.16,75,100,6.55,light rain
360,Flinders,AU,2022-07-20 21:43:39,-34.5833,150.8552,51.19,94,100,4.0,light rain
361,Balykshi,KZ,2022-07-20 21:43:39,47.0667,51.8667,69.8,78,75,8.95,light intensity shower rain
362,Longyearbyen,SJ,2022-07-20 21:43:40,78.2186,15.6401,48.04,93,75,3.44,broken clouds
363,Freeport,US,2022-07-20 21:41:17,40.6576,-73.5832,96.78,53,0,19.57,clear sky
364,Ivanivka,UA,2022-07-20 21:43:40,46.7208,34.553,71.01,52,53,8.03,broken clouds
365,Walvis Bay,NA,2022-07-20 21:34:42,-22.9575,14.5053,55.09,82,0,4.61,clear sky
366,Narsaq,GL,2022-07-20 21:42:05,60.9167,-46.05,57.42,82,86,3.51,overcast clouds
367,Sobolevo,RU,2022-07-20 21:44:41,54.4299,31.8996,59.27,60,95,14.83,overcast clouds
368,Adeje,ES,2022-07-20 21:44:41,28.1227,-16.726,82.87,69,0,2.3,clear sky
369,Sabang,ID,2022-07-20 21:44:41,5.8933,95.3214,82.65,73,100,22.77,overcast clouds
370,Plettenberg Bay,ZA,2022-07-20 21:44:42,-34.0527,23.3716,53.01,88,46,4.72,scattered clouds
371,Tateyama,JP,2022-07-20 21:44:42,34.9833,139.8667,79.11,79,48,8.52,scattered clouds
372,San Antonio,US,2022-07-20 21:42:35,29.4241,-98.4936,106.0,33,40,14.97,scattered clouds
373,Middletown,US,2022-07-20 21:40:21,39.5151,-84.3983,94.66,62,40,61.0,scattered clouds
374,Ryde,GB,2022-07-20 21:44:43,50.73,-1.1621,68.67,90,60,1.99,broken clouds
375,Yegorlykskaya,RU,2022-07-20 21:44:43,46.5656,40.6562,66.56,51,0,7.05,clear sky
376,Santa Fe,AR,2022-07-20 21:43:50,-31.6333,-60.7,67.01,74,95,1.99,overcast clouds
377,Leiyang,CN,2022-07-20 21:44:43,26.4024,112.8591,79.16,82,100,7.81,overcast clouds
378,Najran,SA,2022-07-20 21:42:14,17.4924,44.1277,88.45,49,100,10.94,overcast clouds
379,Broken Hill,AU,2022-07-20 21:44:44,-31.95,141.4333,47.17,92,99,14.18,overcast clouds
380,Kars,TR,2022-07-20 21:44:44,40.602,43.095,59.45,88,0,9.22,clear sky
381,Abnub,EG,2022-07-20 21:44:45,27.2696,31.1511,86.22,23,4,8.75,clear sky
382,Sept-Iles,CA,2022-07-20 21:43:50,50.2001,-66.3821,79.32,42,40,18.41,scattered clouds
383,Altamont,US,2022-07-20 21:44:45,42.2068,-121.7372,94.78,18,0,1.99,clear sky
384,Thongwa,MM,2022-07-20 21:44:45,16.7619,96.5278,80.76,93,100,4.38,overcast clouds
385,Nioki,CD,2022-07-20 21:44:46,-2.7167,17.6833,77.38,66,62,1.54,broken clouds
386,Cairns,AU,2022-07-20 21:44:46,-16.9167,145.7667,69.75,85,75,8.05,broken clouds
387,Stejaru,RO,2022-07-20 21:44:46,44.7667,28.55,70.41,52,40,6.15,scattered clouds
388,Maham,IN,2022-07-20 21:44:47,28.9833,76.3,80.78,82,98,7.18,overcast clouds
389,Pisco,PE,2022-07-20 21:40:24,-13.7,-76.2167,61.02,88,100,6.91,mist
390,Atasu,KZ,2022-07-20 21:44:47,48.6814,71.6433,78.93,41,96,5.86,overcast clouds
391,Aleksandrov Gay,RU,2022-07-20 21:44:48,50.147,48.5704,69.8,42,40,7.16,scattered clouds
392,Sydney Mines,CA,2022-07-20 21:44:48,46.2367,-60.2177,72.81,68,40,25.32,scattered clouds
393,Budhlada,IN,2022-07-20 21:44:48,29.9333,75.5667,80.38,84,99,9.08,overcast clouds
394,Alekseyevsk,RU,2022-07-20 21:44:49,57.8406,108.3492,56.61,91,46,3.09,scattered clouds
395,Mogadishu,SO,2022-07-20 21:44:49,2.0371,45.3438,74.95,83,96,19.62,light rain
396,Maravilha,BR,2022-07-20 21:44:49,-26.7608,-53.1725,67.62,89,8,4.25,clear sky
397,Estelle,US,2022-07-20 21:40:58,29.8458,-90.1067,96.01,58,75,17.27,thunderstorm
398,Westlock,CA,2022-07-20 21:44:50,54.1502,-113.8688,72.82,45,31,10.54,scattered clouds
399,Kenai,US,2022-07-20 21:44:50,60.5544,-151.2583,55.49,91,100,13.8,overcast clouds
400,Samarkand,UZ,2022-07-20 21:44:51,39.6542,66.9597,76.42,53,0,9.22,clear sky
401,Ondangwa,NA,2022-07-20 21:44:51,-17.9167,15.95,53.6,35,0,2.3,clear sky
402,Spring Hill,US,2022-07-20 21:40:45,28.4769,-82.5255,94.05,71,20,5.99,few clouds
403,Magugu,TZ,2022-07-20 21:44:51,-4.0167,35.7667,58.96,88,50,3.91,scattered clouds
404,Garcia,MX,2022-07-20 21:44:52,25.8167,-100.5833,99.77,18,3,10.07,clear sky
405,Nanortalik,GL,2022-07-20 21:41:46,60.1432,-45.2371,50.36,85,16,13.94,few clouds
406,Santiago Del Estero,AR,2022-07-20 21:43:02,-27.7951,-64.2615,70.83,47,99,7.23,overcast clouds
407,Naze,JP,2022-07-20 21:44:52,28.3667,129.4833,79.72,86,67,16.8,broken clouds
408,Petropavl,KZ,2022-07-20 21:44:53,54.8753,69.1628,59.94,97,4,7.11,light rain
409,Chaiyaphum,TH,2022-07-20 21:44:53,15.75,102.0,80.98,90,100,3.91,light rain
410,Deep River,CA,2022-07-20 21:44:53,46.1001,-77.4995,83.95,54,86,9.01,overcast clouds
411,Hambantota,LK,2022-07-20 21:44:54,6.1241,81.1185,77.34,100,20,4.61,few clouds
412,Sitka,US,2022-07-20 21:44:54,57.0531,-135.33,53.49,87,100,5.75,light rain
413,Palauig,PH,2022-07-20 21:45:54,15.435,119.9045,81.64,76,99,4.83,light rain
414,Muskegon,US,2022-07-20 21:44:42,43.3,-86.1334,84.06,63,40,14.97,scattered clouds
415,Krasnoselkup,RU,2022-07-20 21:45:55,65.7,82.4667,51.13,86,100,2.98,overcast clouds
416,Paamiut,GL,2022-07-20 21:45:55,61.994,-49.6678,50.22,84,90,15.32,overcast clouds
417,Sola,VU,2022-07-20 21:45:55,-13.8833,167.55,81.27,83,75,0.0,broken clouds
418,Jalu,LY,2022-07-20 21:45:56,29.0331,21.5482,79.03,33,0,19.08,clear sky
419,Aylesbury,GB,2022-07-20 21:45:56,51.8167,-0.8146,66.58,88,84,1.01,broken clouds
420,Santa Cruz,BO,2022-07-20 21:45:24,-17.8,-63.1667,85.46,42,6,13.8,clear sky
421,Nieves,PH,2022-07-20 21:45:57,15.3274,120.9485,78.31,88,99,3.15,overcast clouds
422,Poya,NC,2022-07-20 21:45:57,-21.35,165.15,74.12,90,100,5.68,overcast clouds
423,Poum,NC,2022-07-20 21:42:09,-20.2333,164.0167,76.19,84,100,8.99,overcast clouds
424,Shadrinsk,RU,2022-07-20 21:45:58,56.0852,63.6335,56.3,93,7,7.74,clear sky
425,Gazojak,TM,2022-07-20 21:44:52,41.1875,61.4036,90.12,19,0,11.27,clear sky
426,Axim,GH,2022-07-20 21:45:58,4.8699,-2.2405,73.31,74,60,7.52,broken clouds
427,Leamington,CA,2022-07-20 21:42:09,42.0549,-82.6062,88.95,100,3,21.99,clear sky
428,Winona,US,2022-07-20 21:45:59,43.9666,-91.7668,86.43,41,0,11.5,clear sky
429,Farso,DK,2022-07-20 21:45:59,56.7728,9.3393,71.26,91,30,8.41,scattered clouds
430,Sambava,MG,2022-07-20 21:45:59,-14.2667,50.1667,69.03,83,42,13.35,light rain
431,Iskateley,RU,2022-07-20 21:46:00,67.6803,53.1512,46.87,94,36,12.17,scattered clouds
432,Puerto Del Rosario,ES,2022-07-20 21:46:00,28.5004,-13.8627,76.75,73,9,6.91,clear sky
433,Vila Franca Do Campo,PT,2022-07-20 21:42:12,37.7167,-25.4333,70.21,84,53,1.77,broken clouds
434,El Dorado,US,2022-07-20 21:46:00,38.7666,-120.5177,96.93,18,0,1.01,clear sky
435,Rudsar,IR,2022-07-20 21:46:01,37.1376,50.288,78.78,87,55,6.26,broken clouds
436,Hasaki,JP,2022-07-20 21:45:03,35.7333,140.8333,77.4,79,99,7.49,overcast clouds
437,Curaca,BR,2022-07-20 21:46:01,-8.9903,-39.9094,75.72,64,97,15.43,overcast clouds
438,Awjilah,LY,2022-07-20 21:46:02,29.1081,21.2869,78.73,33,0,17.02,clear sky
439,Balkhash,KZ,2022-07-20 21:46:02,46.844,74.9804,73.42,47,0,9.55,clear sky
440,North Myrtle Beach,US,2022-07-20 21:46:02,33.816,-78.68,87.91,86,0,18.41,clear sky
441,Ternate,ID,2022-07-20 21:46:03,0.8,127.4,79.93,81,100,2.44,overcast clouds
442,Kemijarvi,FI,2022-07-20 21:46:04,66.7131,27.4306,55.13,89,68,0.65,broken clouds
443,Aswan,EG,2022-07-20 21:43:28,24.0934,32.907,94.3,21,0,8.05,clear sky
444,Belmonte,BR,2022-07-20 21:46:04,-15.8631,-38.8828,71.94,80,4,8.77,clear sky
445,Cayenne,GF,2022-07-20 21:46:05,4.9333,-52.3333,82.44,1,40,8.05,scattered clouds
446,Doha,QA,2022-07-20 21:46:05,25.2867,51.5333,95.31,59,0,5.75,clear sky
447,Noumea,NC,2022-07-20 21:46:06,-22.2763,166.4572,75.99,99,97,8.93,overcast clouds
448,Nelson Bay,AU,2022-07-20 21:46:07,-32.7167,152.15,60.01,82,86,11.99,light rain
449,Merke,KZ,2022-07-20 21:46:07,42.8728,73.1786,73.6,24,0,4.41,clear sky
450,Kudat,MY,2022-07-20 21:46:08,6.8837,116.8477,77.29,94,20,0.0,few clouds
451,Inuvik,CA,2022-07-20 21:46:08,68.3499,-133.7218,66.96,50,75,6.91,broken clouds
452,Srandakan,ID,2022-07-20 21:46:09,-7.9386,110.2506,75.85,83,100,5.66,overcast clouds
453,North Bend,US,2022-07-20 21:44:42,43.4065,-124.2243,77.23,86,100,12.66,overcast clouds
454,Vanimo,PG,2022-07-20 21:46:09,-2.6741,141.3028,76.42,88,100,3.49,overcast clouds
455,Egvekinot,RU,2022-07-20 21:46:10,66.3167,-179.1667,39.29,58,70,7.45,broken clouds
456,Kassala,SD,2022-07-20 21:46:10,15.451,36.4,73.74,82,100,18.25,overcast clouds
457,Ahipara,NZ,2022-07-20 21:46:10,-35.1667,173.1667,55.33,75,73,19.06,broken clouds
458,Chicama,PE,2022-07-20 21:41:49,-7.8447,-79.1469,63.14,64,4,8.23,clear sky
459,Ereymentau,KZ,2022-07-20 21:46:11,51.6199,73.1033,65.43,83,97,10.89,light rain
460,Sorong,ID,2022-07-20 21:47:11,-0.8833,131.25,76.89,88,91,10.49,overcast clouds
461,Lavrentiya,RU,2022-07-20 21:47:12,65.5833,-171.0,40.59,81,100,25.86,overcast clouds
462,Sao Felix Do Xingu,BR,2022-07-20 21:47:12,-6.6447,-51.995,80.4,43,34,0.6,scattered clouds
463,Dingle,PH,2022-07-20 21:42:15,10.9995,122.6711,76.77,89,80,1.48,broken clouds
464,Faridpur,BD,2022-07-20 21:47:12,23.6,89.8333,79.92,89,100,6.69,overcast clouds
465,Bathsheba,BB,2022-07-20 21:47:13,13.2167,-59.5167,84.81,95,40,16.11,scattered clouds
466,Muborak,UZ,2022-07-20 21:47:13,39.2553,65.1528,86.79,14,0,15.1,clear sky
467,San Juan,AR,2022-07-20 21:43:22,-31.5375,-68.5364,60.87,23,0,7.49,clear sky
468,Plouzane,FR,2022-07-20 21:47:14,48.3833,-4.6167,61.12,88,100,5.75,overcast clouds
469,Ivanava,BY,2022-07-20 21:47:14,52.1451,25.5365,54.66,88,0,7.58,clear sky
470,Morehead,US,2022-07-20 21:47:14,37.2711,-87.1764,95.99,60,0,8.05,clear sky
471,Khandbari,NP,2022-07-20 21:47:15,27.3747,87.2039,72.64,89,100,0.58,overcast clouds
472,Tahe,CN,2022-07-20 21:47:15,52.3333,124.7333,65.12,85,95,2.44,overcast clouds
473,Korla,CN,2022-07-20 21:47:16,41.7597,86.1469,66.92,50,0,2.46,clear sky
474,Catuday,PH,2022-07-20 21:47:16,16.2923,119.8062,81.95,77,100,6.62,overcast clouds
475,Brigantine,US,2022-07-20 21:47:16,39.4101,-74.3646,95.04,64,0,13.8,clear sky
476,Lakshmipur,BD,2022-07-20 21:47:17,22.95,90.8333,81.12,86,98,7.56,overcast clouds
477,Kaeo,NZ,2022-07-20 21:47:17,-35.1,173.7833,55.33,95,26,14.16,scattered clouds
478,San Angelo,US,2022-07-20 21:43:06,31.4638,-100.437,102.88,27,0,7.0,clear sky
479,Laguna,US,2022-07-20 21:45:01,38.421,-121.4238,103.75,23,0,8.05,clear sky
480,Baykit,RU,2022-07-20 21:47:18,61.67,96.37,52.3,95,19,2.3,few clouds
481,Kyren,RU,2022-07-20 21:47:18,51.6828,102.1408,54.82,81,100,1.03,light rain
482,Awbari,LY,2022-07-20 21:47:18,26.5921,12.7805,83.82,20,0,5.59,clear sky
483,Zalantun,CN,2022-07-20 21:47:19,48.0,122.7167,70.92,79,0,3.09,clear sky
484,Lloret De Mar,ES,2022-07-20 21:47:19,41.6999,2.8457,81.9,71,0,5.01,clear sky
485,Bismarck,US,2022-07-20 21:45:37,46.8083,-100.7837,93.04,37,0,20.71,clear sky
486,Chernaya Kholunitsa,RU,2022-07-20 21:47:20,58.8511,51.7154,50.59,96,56,2.24,broken clouds
487,Shebalino,RU,2022-07-20 21:47:20,51.2917,85.6772,50.74,67,94,6.87,overcast clouds
488,Mentougou,CN,2022-07-20 21:47:20,39.9392,116.0917,72.54,79,5,1.97,clear sky
489,Beyneu,KZ,2022-07-20 21:47:21,45.3167,55.2,82.96,33,88,14.79,overcast clouds
490,Shelburne,CA,2022-07-20 21:47:21,44.0787,-80.2041,82.85,55,100,20.36,light rain
491,Biak,ID,2022-07-20 21:47:22,-0.9131,122.8766,74.71,85,37,3.47,scattered clouds
492,Boyolangu,ID,2022-07-20 21:47:22,-8.1181,111.8935,72.81,91,85,5.48,overcast clouds
493,Kavaratti,IN,2022-07-20 21:46:18,10.5669,72.642,81.05,79,100,19.33,moderate rain
494,Cabinda,AO,2022-07-20 21:47:22,-5.55,12.2,72.03,84,96,6.44,overcast clouds
495,Sterling,US,2022-07-20 21:42:55,39.0062,-77.4286,94.33,59,40,10.36,scattered clouds
496,Pervomaysk,UA,2022-07-20 21:47:23,48.0443,30.8507,67.15,66,72,8.88,broken clouds
497,Nemuro,JP,2022-07-20 21:47:23,43.3236,145.575,58.48,90,69,7.07,broken clouds
498,Pitimbu,BR,2022-07-20 21:47:23,-7.4706,-34.8086,73.99,88,91,11.12,overcast clouds
499,Batagay-Alyta,RU,2022-07-20 21:47:24,67.8006,130.4114,41.34,79,100,1.61,overcast clouds
500,Atbasar,KZ,2022-07-20 21:47:24,51.8,68.3333,63.61,83,76,7.09,broken clouds
501,San Jose,US,2022-07-20 21:45:02,37.3394,-121.895,94.91,38,0,10.36,clear sky
502,Fort Nelson,CA,2022-07-20 21:45:29,58.8053,-122.7002,74.79,33,40,2.3,scattered clouds
503,Huarmey,PE,2022-07-20 21:47:25,-10.0681,-78.1522,65.89,75,0,10.49,clear sky
504,Vrede,ZA,2022-07-20 21:47:25,-27.4257,29.1659,47.08,57,75,2.44,broken clouds
505,Korhogo,CI,2022-07-20 21:47:26,9.45,-5.6333,70.27,95,98,4.92,overcast clouds
506,Gisborne,NZ,2022-07-20 21:47:26,-38.6533,178.0042,53.19,61,15,14.18,few clouds
507,Shimoda,JP,2022-07-20 21:47:26,34.6667,138.95,79.11,82,95,7.49,overcast clouds
508,Hami,CN,2022-07-20 21:48:27,42.8,93.45,64.92,57,24,2.73,few clouds
509,Koygorodok,RU,2022-07-20 21:48:27,60.445,50.9968,51.35,97,23,2.75,few clouds
510,Bairiki,KI,2022-07-20 21:43:35,1.3292,172.9752,80.6,83,75,5.75,light intensity shower rain
511,Kalemie,CD,2022-07-20 21:48:28,-5.9475,29.1947,71.04,53,0,1.34,clear sky
512,Port Hedland,AU,2022-07-20 21:48:28,-20.3167,118.5667,55.45,71,0,4.61,clear sky
513,Formosa Do Rio Preto,BR,2022-07-20 21:48:28,-11.0483,-45.1931,73.47,30,1,4.05,clear sky
514,Nizhniy Kuranakh,RU,2022-07-20 21:48:29,58.8353,125.4869,64.71,84,0,2.06,clear sky
515,Boguchany,RU,2022-07-20 21:48:29,58.3814,97.4531,52.5,98,75,3.74,broken clouds
516,Ilulissat,GL,2022-07-20 21:44:14,69.2167,-51.1,60.82,39,75,8.05,broken clouds
517,Nkowakowa,ZA,2022-07-20 21:48:30,-23.8878,30.2871,59.7,73,73,4.03,broken clouds
518,Pemangkat,ID,2022-07-20 21:48:30,1.1667,108.9667,78.06,88,15,4.21,few clouds
519,Epe,NG,2022-07-20 21:48:30,6.5841,3.9834,73.22,80,85,6.02,overcast clouds
520,Nueva Gerona,CU,2022-07-20 21:48:31,21.8833,-82.8,86.67,65,22,9.19,few clouds
521,Namatanai,PG,2022-07-20 21:48:31,-3.6667,152.4333,81.09,74,94,6.13,overcast clouds
522,Monroe,US,2022-07-20 21:46:54,43.1501,-77.6831,92.75,51,75,10.36,broken clouds
523,Gashua,NG,2022-07-20 21:48:32,12.871,11.0482,78.55,71,100,7.63,overcast clouds
524,Sapele,NG,2022-07-20 21:48:32,5.8941,5.6767,73.08,82,92,3.49,overcast clouds
525,Matara,LK,2022-07-20 21:48:32,5.9485,80.5353,77.85,87,91,14.14,overcast clouds
526,Maraba,BR,2022-07-20 21:48:33,-5.3686,-49.1178,89.78,43,0,2.3,clear sky
527,Buala,SB,2022-07-20 21:48:33,-8.145,159.5921,81.61,77,100,6.8,overcast clouds
528,Suslovo,RU,2022-07-20 21:48:33,56.2167,88.1167,52.2,94,100,5.01,overcast clouds
529,Izhmorskiy,RU,2022-07-20 21:48:34,56.194,86.6414,53.11,96,100,6.85,overcast clouds
530,Havre-Saint-Pierre,CA,2022-07-20 21:48:34,50.2334,-63.5986,75.56,60,100,11.5,overcast clouds
531,Teseney,ER,2022-07-20 21:48:34,15.11,36.6575,72.34,84,100,16.6,overcast clouds
532,Lewistown,US,2022-07-20 21:48:35,40.5992,-77.5714,92.25,100,4,9.13,clear sky
533,Magadan,RU,2022-07-20 21:48:35,59.5667,150.8,59.25,83,49,1.32,scattered clouds
534,Ancud,CL,2022-07-20 21:48:35,-41.8697,-73.8203,40.23,67,77,11.48,broken clouds
535,Talas,TR,2022-07-20 21:48:36,38.6908,35.5538,59.67,67,40,6.91,scattered clouds
536,Dulce Nombre De Culmi,HN,2022-07-20 21:48:36,15.1,-85.5333,91.63,57,93,5.28,overcast clouds
537,Muli,MV,2022-07-20 21:48:37,2.9167,73.5667,80.44,71,100,15.35,light rain
538,Ulaanbaatar,MN,2022-07-20 21:45:31,47.9077,106.8832,57.33,77,75,4.47,broken clouds
539,La Cruz,MX,2022-07-20 21:48:37,23.9167,-106.9,90.84,60,96,14.36,overcast clouds
540,Zeya,RU,2022-07-20 21:48:38,53.75,127.2667,65.01,78,88,1.34,overcast clouds
541,Tambilil,PH,2022-07-20 21:48:38,5.9622,124.6697,78.22,83,56,3.51,broken clouds
542,Niono,ML,2022-07-20 21:48:38,14.2526,-5.993,78.85,77,100,5.46,light rain
543,Huaral,PE,2022-07-20 21:48:39,-11.495,-77.2078,64.17,75,73,7.87,broken clouds
544,Durango,MX,2022-07-20 21:48:26,24.8333,-104.8333,84.0,26,58,2.37,broken clouds
545,Gouyave,GD,2022-07-20 21:48:39,12.1646,-61.7296,79.57,83,40,8.05,scattered clouds
546,La Palma,US,2022-07-20 21:48:39,33.8464,-118.0467,100.96,57,0,8.05,clear sky
547,Palu,ID,2022-07-20 21:48:40,-0.8917,119.8707,74.61,90,7,3.27,clear sky
548,Soyo,AO,2022-07-20 21:48:40,-6.1349,12.3689,70.18,89,47,6.82,scattered clouds
549,Qaqortoq,GL,2022-07-20 21:44:17,60.7167,-46.0333,53.98,80,81,5.99,broken clouds
550,Calabozo,VE,2022-07-20 21:48:41,8.9242,-67.4293,82.09,77,79,2.3,broken clouds
551,Margate,GB,2022-07-20 21:48:41,51.3813,1.3862,68.88,76,25,3.0,scattered clouds
552,Barguzin,RU,2022-07-20 21:48:41,53.6167,109.6167,55.38,93,62,3.98,broken clouds
553,Shenjiamen,CN,2022-07-20 21:48:42,29.9576,122.298,78.49,94,55,5.03,broken clouds
554,Yinchuan,CN,2022-07-20 21:48:42,38.4681,106.2731,72.37,48,30,3.31,scattered clouds
555,Elk City,US,2022-07-20 21:45:15,35.412,-99.4043,101.08,30,0,9.22,clear sky
556,Angoche,MZ,2022-07-20 21:49:43,-16.2325,39.9086,68.56,76,0,2.73,clear sky
557,Emmen,NL,2022-07-20 21:46:22,52.7792,6.9069,68.95,84,70,1.01,moderate rain
558,Dengzhou,CN,2022-07-20 21:49:44,37.8086,120.7508,70.5,87,96,6.71,overcast clouds
559,Manaure,CO,2022-07-20 21:49:44,11.7751,-72.4445,88.12,57,14,15.9,few clouds
560,Iwanai,JP,2022-07-20 21:49:45,42.9744,140.5089,68.22,85,62,3.04,broken clouds
561,Xai-Xai,MZ,2022-07-20 21:49:45,-25.0519,33.6442,66.25,79,0,8.68,clear sky
562,Adrar,MR,2022-07-20 21:49:46,20.5022,-10.0711,94.93,19,35,11.48,scattered clouds
563,Garut,ID,2022-07-20 21:49:46,-7.2024,107.8878,66.52,95,49,4.27,scattered clouds
564,Bignona,SN,2022-07-20 21:49:46,12.8103,-16.2264,77.04,95,100,7.9,heavy intensity rain
565,Erie,US,2022-07-20 21:49:47,42.7667,-78.6664,90.41,49,58,7.0,broken clouds
566,Marabba,SD,2022-07-20 21:49:47,12.35,32.1833,79.14,68,100,14.45,overcast clouds
567,Palembang,ID,2022-07-20 21:46:34,-2.9167,104.7458,77.09,94,20,3.44,haze
568,Trairi,BR,2022-07-20 21:47:08,-3.2778,-39.2689,77.77,73,82,13.82,broken clouds
569,La Ronge,CA,2022-07-20 21:45:30,55.1001,-105.2842,70.02,67,75,14.97,broken clouds
570,Houston,US,2022-07-20 21:48:36,29.7633,-95.3633,104.34,51,20,18.41,few clouds
571,Zirandaro,MX,2022-07-20 21:49:48,18.45,-100.9833,98.02,38,16,4.47,few clouds
572,Lerik,AZ,2022-07-20 21:49:48,38.7726,48.4128,63.32,63,0,2.71,clear sky
573,Qiongshan,CN,2022-07-20 21:49:49,20.0058,110.3542,78.78,94,0,4.47,clear sky
574,Leeton,AU,2022-07-20 21:49:49,-34.5667,146.4,47.05,83,99,11.14,overcast clouds
575,Birao,CF,2022-07-20 21:49:49,10.2849,22.7882,72.46,89,58,3.24,broken clouds
576,Villacarrillo,ES,2022-07-20 21:49:50,38.1156,-3.0848,77.79,37,0,4.59,clear sky
577,Puri,IN,2022-07-20 21:49:50,19.8,85.85,79.32,77,100,7.85,overcast clouds
578,Canico,PT,2022-07-20 21:49:50,32.6333,-16.85,73.71,80,20,26.46,few clouds
579,Dalbandin,PK,2022-07-20 21:49:51,28.8947,64.4101,86.22,52,52,6.51,broken clouds
580,Broome,US,2022-07-20 21:49:51,42.2506,-75.833,94.01,50,40,11.5,scattered clouds
581,Coahuayana,MX,2022-07-20 21:49:52,18.7333,-103.6833,92.23,57,47,6.62,scattered clouds
582,Lhokseumawe,ID,2022-07-20 21:49:52,5.1801,97.1507,75.99,87,99,6.8,overcast clouds
583,Price,US,2022-07-20 21:49:52,39.5994,-110.8107,94.26,15,40,13.8,scattered clouds
584,Jiaojiang,CN,2022-07-20 21:49:53,28.6803,121.4428,84.99,91,100,3.6,overcast clouds
585,Muisne,EC,2022-07-20 21:49:53,0.6,-80.0333,74.61,83,97,10.96,overcast clouds
586,Dongsheng,CN,2022-07-20 21:49:53,39.8161,109.9776,68.36,46,3,6.53,clear sky
587,Anadyr,RU,2022-07-20 21:49:54,64.75,177.4833,46.9,65,20,11.18,few clouds
588,Paka,MY,2022-07-20 21:49:54,4.6374,103.4368,78.73,89,98,4.61,overcast clouds
589,Hamilton,US,2022-07-20 21:45:51,39.1834,-84.5333,94.73,64,40,16.11,scattered clouds
590,Jucurutu,BR,2022-07-20 21:49:54,-6.0339,-37.0203,80.87,57,29,15.7,scattered clouds
591,Antofagasta,CL,2022-07-20 21:48:47,-23.65,-70.4,58.28,80,85,1.95,overcast clouds
592,Namibe,AO,2022-07-20 21:49:21,-15.1961,12.1522,62.46,82,1,2.39,clear sky
593,Kuching,MY,2022-07-20 21:49:55,1.55,110.3333,77.22,94,20,2.3,few clouds
594,Takoradi,GH,2022-07-20 21:49:55,4.8845,-1.7554,73.51,73,55,7.18,broken clouds
595,Cruzeiro,BR,2022-07-20 21:49:56,-22.5761,-44.9628,73.56,92,36,2.57,scattered clouds
596,Tomohon,ID,2022-07-20 21:49:56,1.3346,124.8392,63.54,88,64,2.06,broken clouds
597,Juneau,US,2022-07-20 21:49:57,58.3019,-134.4197,53.22,95,100,17.27,mist
598,Amahai,ID,2022-07-20 21:46:42,-3.3333,128.9167,77.31,88,71,5.26,broken clouds
599,Port Hardy,CA,2022-07-20 21:48:31,50.6996,-127.4199,59.18,82,20,8.05,few clouds
600,Celestun,MX,2022-07-20 21:50:57,20.8667,-90.4,87.31,66,16,21.18,few clouds
601,Lae,PG,2022-07-20 21:50:58,-6.7221,146.9847,77.9,78,88,4.16,overcast clouds
602,Pirovskoye,RU,2022-07-20 21:50:58,57.6267,92.2658,50.76,98,24,5.39,few clouds
603,Nouadhibou,MR,2022-07-20 21:50:58,20.931,-17.0347,69.78,94,40,10.36,scattered clouds
604,Juruti,BR,2022-07-20 21:50:59,-2.1522,-56.0922,82.4,66,53,3.74,broken clouds
605,Kerrville,US,2022-07-20 21:46:58,30.0474,-99.1403,102.45,34,40,11.5,scattered clouds
606,Gorontalo,ID,2022-07-20 21:50:59,0.5412,123.0595,73.4,95,36,2.15,scattered clouds
607,Pangnirtung,CA,2022-07-20 21:51:00,66.1451,-65.7125,50.0,76,100,5.75,light rain
608,Lujan,AR,2022-07-20 21:51:00,-34.5703,-59.105,62.31,71,47,7.02,scattered clouds
609,Odobesti,RO,2022-07-20 21:51:00,45.7667,27.05,71.26,46,32,9.93,scattered clouds
610,Sandwick,GB,2022-07-20 21:51:01,60.0,-1.25,53.42,100,100,12.66,overcast clouds
611,Armacao De Pera,PT,2022-07-20 21:51:01,37.1026,-8.357,84.11,61,0,10.2,clear sky
612,Bafra,TR,2022-07-20 21:51:01,41.5678,35.9069,69.82,74,0,6.62,clear sky
613,Severka,RU,2022-07-20 21:51:02,56.8688,60.3015,56.64,93,9,7.16,clear sky
614,Nampula,MZ,2022-07-20 21:51:02,-15.1165,39.2666,64.35,88,0,4.61,clear sky
615,Puerto Penasco,MX,2022-07-20 21:51:02,31.3167,-113.5333,88.92,72,86,8.99,overcast clouds
616,Rio Grande,BR,2022-07-20 21:49:53,-32.035,-52.0986,62.71,90,0,10.67,clear sky
617,Mareeba,AU,2022-07-20 21:48:28,-17.0,145.4333,65.44,89,7,1.79,clear sky
618,Wanning,CN,2022-07-20 21:51:03,18.8003,110.3967,80.62,88,28,10.85,scattered clouds
619,Los Llanos De Aridane,ES,2022-07-20 21:51:04,28.6585,-17.9182,69.55,83,9,17.27,clear sky
620,Kozulka,UA,2022-07-20 21:51:04,50.0351,23.797,59.13,84,6,5.28,clear sky
621,Shipitsyno,RU,2022-07-20 21:51:04,61.2806,46.5208,51.19,96,29,0.38,scattered clouds
622,Liwale,TZ,2022-07-20 21:51:05,-9.7667,37.9333,62.76,84,55,1.95,broken clouds
623,Tonantins,BR,2022-07-20 21:51:05,-2.8731,-67.8022,76.33,96,65,1.43,broken clouds
624,Kropotkin,RU,2022-07-20 21:51:05,45.4375,40.5756,64.02,81,0,6.26,clear sky
625,Arthur,US,2022-07-20 21:51:06,39.7148,-88.4723,88.21,63,0,5.99,clear sky
626,Pangoa,PE,2022-07-20 21:51:06,-12.1167,-73.0,77.14,69,88,1.66,overcast clouds
627,Kijabe,KE,2022-07-20 21:51:06,-0.933,36.5758,56.41,87,62,5.01,broken clouds
628,Miraflores,MX,2022-07-20 21:51:07,19.2167,-98.8083,81.03,39,80,2.89,broken clouds
629,Oussouye,SN,2022-07-20 21:51:07,12.485,-16.5469,77.18,89,100,3.96,moderate rain
630,Dali,CN,2022-07-20 21:51:08,25.7,100.1833,62.26,96,100,2.48,overcast clouds
631,Herran,CO,2022-07-20 21:51:08,7.5061,-72.4833,68.2,89,78,2.53,broken clouds
632,Tongchuan,CN,2022-07-20 21:51:08,35.0806,109.0897,67.32,76,0,1.63,clear sky
633,San Quintin,MX,2022-07-20 21:51:09,30.4833,-115.95,75.51,64,72,12.86,broken clouds
634,Morant Bay,JM,2022-07-20 21:51:09,17.8815,-76.4093,90.72,68,16,11.83,few clouds
635,San Lorenzo De El Escorial,ES,2022-07-20 21:51:10,40.5914,-4.1474,86.99,27,0,4.05,clear sky
636,Malpe,IN,2022-07-20 21:51:10,13.35,74.7167,74.5,89,85,9.22,overcast clouds
637,Stornoway,GB,2022-07-20 21:51:10,58.2093,-6.3865,54.93,92,100,6.91,overcast clouds
638,Rosarito,MX,2022-07-20 21:50:11,32.3333,-117.0333,91.67,59,82,9.6,broken clouds
639,Melita,CA,2022-07-20 21:51:11,49.2681,-100.9967,74.53,50,11,17.52,few clouds
640,Mahibadhoo,MV,2022-07-20 21:50:49,3.7833,72.9667,80.67,75,100,13.33,overcast clouds
641,Barkly West,ZA,2022-07-20 21:51:11,-28.5354,24.5215,58.28,39,53,4.25,broken clouds
642,Aripuana,BR,2022-07-20 21:51:12,-9.1667,-60.6333,81.54,38,0,1.45,clear sky
643,Catalao,BR,2022-07-20 21:46:21,-18.1658,-47.9464,68.76,35,26,6.06,scattered clouds
644,Chauk,MM,2022-07-20 21:51:12,20.8833,94.8167,81.0,81,84,4.83,broken clouds
645,Jalingo,NG,2022-07-20 21:51:12,8.8833,11.3667,73.38,92,99,3.58,light rain
646,Ruteng,ID,2022-07-20 21:52:13,-8.6136,120.4721,58.69,83,70,2.39,broken clouds
647,Sungaipenuh,ID,2022-07-20 21:52:13,-2.0833,101.3833,62.1,96,84,2.06,broken clouds
648,Rio Verde De Mato Grosso,BR,2022-07-20 21:52:13,-18.9181,-54.8442,78.24,25,37,2.26,scattered clouds
649,Raga,SS,2022-07-20 21:52:14,8.4596,25.678,67.75,96,63,3.65,broken clouds
650,Shabqadar,PK,2022-07-20 21:52:14,34.2139,71.5552,86.22,67,68,7.4,broken clouds
651,Talara,PE,2022-07-20 21:52:14,-4.5772,-81.2719,72.36,68,40,11.5,scattered clouds
652,Nenjiang,CN,2022-07-20 21:52:15,49.1833,125.2167,70.39,85,1,2.04,clear sky
653,Katsuura,JP,2022-07-20 21:52:15,35.1333,140.3,78.82,82,64,9.1,broken clouds
654,Tias,ES,2022-07-20 21:51:47,28.9611,-13.645,73.08,78,20,26.46,few clouds
655,Parauna,BR,2022-07-20 21:52:16,-16.9478,-50.4486,73.47,30,4,4.27,clear sky
656,Nedjo,ET,2022-07-20 21:52:16,9.5046,35.5019,57.02,99,100,1.9,light rain
657,Mildura,AU,2022-07-20 21:50:29,-34.2,142.15,43.07,88,92,13.33,overcast clouds
658,Alihe,CN,2022-07-20 21:52:16,50.5667,123.7167,68.41,89,9,1.14,clear sky
659,Manjakandriana,MG,2022-07-20 21:52:17,-18.9167,47.8,51.49,95,100,7.96,overcast clouds
660,Sabzevar,IR,2022-07-20 21:52:17,36.2126,57.6819,85.28,17,0,9.22,clear sky
661,Zhoucheng,CN,2022-07-20 21:52:18,35.9122,116.3117,69.17,97,16,2.62,few clouds
662,Bukama,CD,2022-07-20 21:52:18,-9.2,25.85,77.9,39,83,2.06,broken clouds
663,Blyth,GB,2022-07-20 21:52:18,55.1271,-1.5086,64.08,80,75,2.3,broken clouds
664,Katiola,CI,2022-07-20 21:52:19,8.1333,-5.1,74.03,81,81,6.26,broken clouds
665,Wittstock,DE,2022-07-20 21:52:19,53.1612,12.4829,80.98,42,30,7.52,scattered clouds
666,Matongo,TZ,2022-07-20 21:52:20,-2.3833,34.0833,66.49,50,24,5.03,few clouds
667,Kieta,PG,2022-07-20 21:49:10,-6.2167,155.6333,81.55,75,96,2.24,overcast clouds
668,Inhambane,MZ,2022-07-20 21:52:20,-23.865,35.3833,67.95,84,0,6.91,clear sky
669,Weinan,CN,2022-07-20 21:52:20,34.5036,109.5089,69.48,68,0,2.35,clear sky
670,Shwebo,MM,2022-07-20 21:52:21,22.5667,95.7,78.8,87,99,3.51,overcast clouds
671,Hornepayne,CA,2022-07-20 21:52:21,49.2138,-84.7705,71.67,88,97,4.72,light rain
672,Garca,BR,2022-07-20 21:52:21,-22.2106,-49.6561,70.59,49,2,6.13,clear sky
673,Glenwood Springs,US,2022-07-20 21:52:22,39.5505,-107.3248,93.07,32,75,4.61,broken clouds
674,Guymon,US,2022-07-20 21:50:28,36.6828,-101.4816,95.0,20,0,14.97,clear sky
675,Buta,CD,2022-07-20 21:52:22,2.7858,24.73,69.39,99,92,1.74,overcast clouds
676,Mnogovershinnyy,RU,2022-07-20 21:52:23,53.9353,139.9242,61.25,73,91,3.33,overcast clouds
677,Altay,CN,2022-07-20 21:52:23,47.8667,88.1167,54.97,57,86,4.41,overcast clouds
678,Sinnamary,GF,2022-07-20 21:52:23,5.3833,-52.95,78.06,82,7,7.47,clear sky
679,Skibbereen,IE,2022-07-20 21:52:24,51.55,-9.2667,59.11,80,24,7.92,few clouds
680,Palmer,US,2022-07-20 21:51:05,42.1584,-72.3287,96.06,47,58,5.01,broken clouds
681,Iquique,CL,2022-07-20 21:52:24,-20.2208,-70.1431,59.04,78,88,1.7,overcast clouds
682,Ano Kastritsion,GR,2022-07-20 21:52:25,38.2667,21.8333,69.26,42,0,4.56,clear sky
683,Grand Gaube,MU,2022-07-20 21:52:25,-20.0064,57.6608,68.4,75,94,8.99,light rain
684,Pital,CO,2022-07-20 21:52:25,2.2665,-75.8044,67.05,89,100,4.79,overcast clouds
685,Riyadh,SA,2022-07-20 21:48:19,24.6877,46.7219,95.14,10,75,8.48,broken clouds
686,Manggar,ID,2022-07-20 21:52:26,-2.8833,108.2667,80.31,84,90,12.39,overcast clouds
687,Tecoanapa,MX,2022-07-20 21:52:26,16.5167,-98.75,86.43,68,100,7.11,overcast clouds
688,Dunedin,NZ,2022-07-20 21:50:10,-45.8742,170.5036,43.81,71,100,15.01,overcast clouds
